Building_ID,Relative_Compactness,Building_Type,Surface_Area_m2,Wall_Area_m2,Roof_Area_m2,Overall_Height_m,Orientation,Glazing_Area_ratio,Glazing_Distribution,Heating_Load_kWh,Cooling_Load_kWh
BLD-0001,0.98,High_Rise,514.5,294.0,110.25,7.0,North,0.0,,15.55,21.33
BLD-0002,0.98,High_Rise,514.5,294.0,110.25,7.0,East,0.0,,15.55,21.33
BLD-0003,0.98,High_Rise,514.5,294.0,110.25,7.0,South,0.0,,15.55,21.33
BLD-0004,0.98,High_Rise,514.5,,110.25,7.0,West,0.0,,,21.33
BLD-0005,0.9,High_Rise,563.5,318.5,122.5,7.0,,0.0,,20.84,28.28
BLD-0006,0.9,High_Rise,563.5,318.5,122.5,7.0,East,0.0,,21.46,25.38
BLD-0007,0.9,High_Rise,563.5,318.5,122.5,7.0,South,,,20.71,25.16
BLD-0008,0.9,High_Rise,563.5,318.5,122.5,7.0,West,0.0,,19.68,29.6
BLD-0009,0.86,High_Rise,588.0,294.0,147.0,,North,,,19.5,27.3
BLD-0010,0.86,High_Rise,588.0,294.0,147.0,7.0,East,0.0,,19.95,21.97
BLD-0011,0.86,High_Rise,588.0,294.0,147.0,7.0,South,0.0,,19.34,23.49
BLD-0012,0.86,High_Rise,588.0,294.0,147.0,7.0,West,,,18.31,27.87
BLD-0013,0.82,High_Rise,612.5,318.5,147.0,7.0,North,0.0,,17.05,23.77
BLD-0014,0.82,High_Rise,612.5,318.5,147.0,7.0,East,0.0,,17.41,21.46
BLD-0015,0.82,High_Rise,612.5,318.5,147.0,7.0,South,0.0,,16.95,21.16
BLD-0016,0.82,High_Rise,612.5,318.5,147.0,7.0,West,0.0,,15.98,24.93
BLD-0017,0.79,High_Rise,637.0,343.0,147.0,7.0,North,0.0,,28.52,37.73
BLD-0018,0.79,High_Rise,637.0,343.0,,7.0,East,0.0,,29.9,31.27
BLD-0019,0.79,High_Rise,637.0,343.0,147.0,7.0,South,0.0,,29.63,30.93
BLD-0020,0.79,High_Rise,637.0,343.0,147.0,7.0,West,0.0,,28.75,39.44
BLD-0021,0.76,High_Rise,,416.5,122.5,7.0,North,,,24.77,29.79
BLD-0022,0.76,High_Rise,,416.5,122.5,7.0,East,0.0,,23.93,29.68
BLD-0023,0.76,High_Rise,661.5,416.5,122.5,7.0,South,0.0,,24.77,
BLD-0024,0.76,High_Rise,661.5,416.5,122.5,7.0,,0.0,,23.93,29.4
BLD-0025,0.74,Low_Rise,686.0,,220.5,3.5,North,0.0,,6.07,10.9
BLD-0026,0.74,Low_Rise,686.0,245.0,220.5,3.5,East,0.0,,6.05,11.19
BLD-0027,0.74,Low_Rise,686.0,245.0,220.5,3.5,,0.0,,6.01,10.94
BLD-0028,0.74,Low_Rise,686.0,245.0,220.5,3.5,West,0.0,,6.04,11.17
BLD-0029,0.71,Low_Rise,710.5,269.5,220.5,3.5,North,0.0,,6.37,11.27
BLD-0030,0.71,Low_Rise,710.5,269.5,220.5,3.5,East,0.0,,6.4,11.72
BLD-0031,0.71,Low_Rise,,269.5,220.5,3.5,South,0.0,,6.366,11.29
BLD-0032,0.71,Low_Rise,710.5,269.5,220.5,3.5,West,0.0,,6.4,
BLD-0033,0.69,Low_Rise,735.0,294.0,220.5,3.5,North,,,6.85,11.74
BLD-0034,0.69,Low_Rise,735.0,,220.5,3.5,,,,6.79,12.05
BLD-0035,0.69,Low_Rise,735.0,294.0,220.5,3.5,South,,,6.77,11.73
BLD-0036,0.69,Low_Rise,735.0,294.0,220.5,3.5,West,0.0,,6.81,11.93
BLD-0037,0.66,Low_Rise,759.5,318.5,,3.5,North,0.0,,7.18,12.4
BLD-0038,0.66,Low_Rise,759.5,318.5,220.5,3.5,East,0.0,,7.1,12.23
BLD-0039,0.66,Low_Rise,759.5,318.5,220.5,,South,0.0,,,12.4
BLD-0040,0.66,Low_Rise,759.5,318.5,220.5,,West,0.0,,7.1,12.14
BLD-0041,0.64,Low_Rise,784.0,343.0,220.5,3.5,North,,,10.85,16.78
BLD-0042,0.64,Low_Rise,784.0,343.0,220.5,3.5,East,0.0,,10.54,16.8
BLD-0043,0.64,Low_Rise,784.0,343.0,220.5,3.5,South,0.0,,10.77,16.75
BLD-0044,0.64,Low_Rise,784.0,343.0,220.5,3.5,West,0.0,,10.56,16.67
BLD-0045,0.62,Low_Rise,808.5,367.5,220.5,3.5,North,0.0,,8.6,12.07
BLD-0046,0.62,Low_Rise,808.5,367.5,220.5,3.5,East,,,8.49,12.22
BLD-0047,0.62,Low_Rise,808.5,367.5,220.5,3.5,South,0.0,,8.45,12.08
BLD-0048,0.62,Low_Rise,808.5,,220.5,3.5,West,0.0,,8.5,12.04
BLD-0049,0.98,High_Rise,514.5,294.0,110.25,7.0,North,0.1,Uniform,24.58,26.47
BLD-0050,0.98,High_Rise,514.5,294.0,110.25,7.0,East,0.1,Uniform,24.63,26.37
BLD-0051,0.98,High_Rise,514.5,294.0,110.25,7.0,,0.1,Uniform,24.63,26.44
BLD-0052,0.98,High_Rise,514.5,294.0,110.25,7.0,West,0.1,Uniform,24.59,26.29
BLD-0053,0.9,High_Rise,563.5,318.5,122.5,7.0,North,0.1,Uniform,29.03,32.92
BLD-0054,0.9,High_Rise,563.5,318.5,,7.0,East,0.1,Uniform,29.87,29.87
BLD-0055,0.9,High_Rise,563.5,318.5,122.5,7.0,South,0.1,Uniform,29.14,29.58
BLD-0056,0.9,High_Rise,563.5,318.5,122.5,7.0,West,0.1,Uniform,28.09,34.33
BLD-0057,0.86,High_Rise,588.0,,147.0,7.0,North,0.1,,26.28,30.89
BLD-0058,0.86,High_Rise,588.0,294.0,147.0,7.0,East,0.1,Uniform,26.91,25.6
BLD-0059,0.86,High_Rise,588.0,294.0,147.0,7.0,South,0.1,Uniform,26.37,27.03
BLD-0060,0.86,High_Rise,588.0,294.0,147.0,7.0,West,0.1,Uniform,25.27,31.73
BLD-0061,0.82,High_Rise,612.5,,147.0,7.0,North,0.1,,23.53,27.31
BLD-0062,0.82,High_Rise,612.5,318.5,147.0,7.0,East,0.1,,24.03,24.91
BLD-0063,0.82,High_Rise,612.5,318.5,147.0,7.0,South,0.1,Uniform,23.54,24.61
BLD-0064,0.82,High_Rise,612.5,318.5,,7.0,West,0.1,Uniform,22.58,28.51
BLD-0065,0.79,High_Rise,637.0,343.0,147.0,7.0,North,0.1,Uniform,35.56,
BLD-0066,0.79,High_Rise,637.0,343.0,147.0,7.0,East,0.1,Uniform,37.12,35.28
BLD-0067,,High_Rise,637.0,343.0,147.0,7.0,South,0.1,Uniform,36.9,34.43
BLD-0068,,High_Rise,637.0,343.0,147.0,7.0,West,0.1,Uniform,35.94,43.33
BLD-0069,0.76,High_Rise,661.5,416.5,122.5,7.0,North,0.1,,32.96,33.87
BLD-0070,0.76,High_Rise,661.5,416.5,122.5,7.0,,0.1,Uniform,32.12,34.07
BLD-0071,0.76,High_Rise,661.5,416.5,122.5,7.0,South,0.1,Uniform,32.94,34.14
BLD-0072,0.76,High_Rise,661.5,416.5,122.5,7.0,West,0.1,Uniform,32.21,33.67
BLD-0073,0.74,Low_Rise,686.0,245.0,220.5,3.5,North,0.1,Uniform,10.36,
BLD-0074,0.74,Low_Rise,686.0,245.0,220.5,3.5,East,0.1,Uniform,10.43,13.71
BLD-0075,0.74,Low_Rise,686.0,245.0,220.5,3.5,South,0.1,Uniform,10.36,13.48
BLD-0076,0.74,Low_Rise,686.0,245.0,220.5,3.5,West,0.1,Uniform,10.39,13.7
BLD-0077,0.71,Low_Rise,710.5,269.5,220.5,3.5,North,0.1,Uniform,10.71,13.8
BLD-0078,0.71,Low_Rise,710.5,269.5,220.5,3.5,East,0.1,Uniform,10.8,14.28
BLD-0079,0.71,Low_Rise,710.5,269.5,220.5,3.5,South,0.1,Uniform,10.7,13.87
BLD-0080,0.71,Low_Rise,710.5,269.5,220.5,3.5,West,0.1,Uniform,10.75,14.27
BLD-0081,0.69,Low_Rise,735.0,,220.5,3.5,North,0.1,,11.11,14.28
BLD-0082,0.69,Low_Rise,735.0,294.0,220.5,3.5,East,0.1,Uniform,11.13,14.61
BLD-0083,0.69,Low_Rise,735.0,,220.5,3.5,South,0.1,Uniform,11.09,
BLD-0084,0.69,Low_Rise,735.0,294.0,220.5,3.5,West,0.1,Uniform,11.16,14.45
BLD-0085,0.66,Low_Rise,759.5,318.5,220.5,,North,,Uniform,11.68,13.9
BLD-0086,0.66,Low_Rise,759.5,318.5,220.5,3.5,East,0.1,Uniform,,13.72
BLD-0087,,Low_Rise,759.5,318.5,220.5,3.5,South,0.1,Uniform,11.7,13.88
BLD-0088,0.66,Low_Rise,759.5,318.5,220.5,3.5,West,0.1,Uniform,11.69,13.65
BLD-0089,0.64,Low_Rise,784.0,343.0,220.5,3.5,North,0.1,Uniform,15.41,19.37
BLD-0090,0.64,Low_Rise,784.0,343.0,220.5,3.5,East,0.1,Uniform,15.2,19.43
BLD-0091,0.64,Low_Rise,,343.0,220.5,3.5,South,0.1,Uniform,15.42,19.34
BLD-0092,0.64,Low_Rise,784.0,343.0,220.5,3.5,West,0.1,Uniform,15.21,19.32
BLD-0093,0.62,Low_Rise,808.5,367.5,220.5,3.5,North,0.1,Uniform,12.96,14.34
BLD-0094,0.62,Low_Rise,808.5,367.5,220.5,3.5,East,0.1,Uniform,12.97,14.5
BLD-0095,0.62,Low_Rise,808.5,367.5,,3.5,South,0.1,Uniform,12.93,14.33
BLD-0096,0.62,Low_Rise,808.5,367.5,,3.5,West,0.1,Uniform,13.02,14.27
BLD-0097,0.98,High_Rise,514.5,294.0,110.25,,North,0.1,North_Heavy,24.29,25.95
BLD-0098,,High_Rise,514.5,294.0,110.25,7.0,East,0.1,North_Heavy,24.31,25.63
BLD-0099,0.98,High_Rise,514.5,294.0,110.25,7.0,South,0.1,North_Heavy,24.13,26.13
BLD-0100,0.98,High_Rise,514.5,294.0,110.25,7.0,West,0.1,,24.25,25.89
BLD-0101,0.9,High_Rise,563.5,318.5,122.5,7.0,,0.1,North_Heavy,28.88,32.54
BLD-0102,0.9,High_Rise,563.5,318.5,122.5,7.0,East,0.1,North_Heavy,29.68,29.44
BLD-0103,0.9,High_Rise,563.5,318.5,122.5,7.0,South,0.1,North_Heavy,28.83,29.36
BLD-0104,0.9,High_Rise,563.5,318.5,122.5,7.0,West,0.1,North_Heavy,27.9,
BLD-0105,0.86,High_Rise,588.0,294.0,147.0,7.0,North,0.1,,26.48,30.91
BLD-0106,0.86,High_Rise,588.0,294.0,147.0,7.0,East,0.1,North_Heavy,27.02,25.63
BLD-0107,0.86,High_Rise,588.0,294.0,147.0,7.0,South,0.1,North_Heavy,26.33,27.36
BLD-0108,0.86,High_Rise,588.0,294.0,147.0,7.0,West,0.1,North_Heavy,25.36,31.9
BLD-0109,0.82,High_Rise,612.5,318.5,147.0,7.0,North,0.1,North_Heavy,23.75,27.38
BLD-0110,0.82,High_Rise,612.5,318.5,147.0,,East,0.1,North_Heavy,24.23,25.02
BLD-0111,0.82,High_Rise,612.5,318.5,147.0,7.0,South,0.1,North_Heavy,23.67,24.8
BLD-0112,0.82,High_Rise,612.5,,147.0,7.0,West,0.1,North_Heavy,22.79,28.79
BLD-0113,0.79,High_Rise,637.0,343.0,147.0,7.0,North,0.1,North_Heavy,35.65,41.07
BLD-0114,0.79,High_Rise,637.0,343.0,147.0,7.0,East,0.1,North_Heavy,37.26,34.62
BLD-0115,0.79,High_Rise,637.0,343.0,147.0,7.0,South,0.1,North_Heavy,36.97,33.87
BLD-0116,0.79,High_Rise,637.0,343.0,147.0,7.0,West,0.1,North_Heavy,36.03,42.86
BLD-0117,0.76,High_Rise,661.5,416.5,122.5,7.0,North,,North_Heavy,33.16,33.91
BLD-0118,0.76,High_Rise,661.5,416.5,122.5,7.0,East,0.1,North_Heavy,32.4,34.07
BLD-0119,0.76,High_Rise,661.5,416.5,122.5,7.0,South,0.1,North_Heavy,33.12,34.17
BLD-0120,0.76,High_Rise,661.5,416.5,122.5,7.0,West,0.1,,32.41,33.78
BLD-0121,,Low_Rise,686.0,245.0,220.5,3.5,North,,North_Heavy,10.42,13.39
BLD-0122,0.74,Low_Rise,686.0,245.0,220.5,3.5,East,0.1,North_Heavy,10.46,13.72
BLD-0123,0.74,Low_Rise,686.0,245.0,220.5,3.5,South,0.1,North_Heavy,10.32,13.57
BLD-0124,0.74,Low_Rise,686.0,245.0,220.5,3.5,West,,North_Heavy,,13.79
BLD-0125,0.71,Low_Rise,710.5,269.5,220.5,3.5,,0.1,North_Heavy,10.64,13.67
BLD-0126,0.71,Low_Rise,710.5,269.5,220.5,3.5,East,,,10.72,14.11
BLD-0127,0.71,Low_Rise,710.5,269.5,220.5,3.5,South,0.1,North_Heavy,10.55,13.8
BLD-0128,0.71,Low_Rise,710.5,,220.5,3.5,West,0.1,North_Heavy,10.68,14.21
BLD-0129,0.69,Low_Rise,735.0,294.0,220.5,,North,0.1,North_Heavy,11.45,13.2
BLD-0130,0.69,Low_Rise,735.0,294.0,220.5,3.5,,,North_Heavy,11.46,13.54
BLD-0131,0.69,Low_Rise,735.0,294.0,220.5,3.5,South,0.1,North_Heavy,11.32,
BLD-0132,0.69,Low_Rise,735.0,294.0,220.5,3.5,West,0.1,North_Heavy,11.49,13.51
BLD-0133,0.66,Low_Rise,759.5,318.5,220.5,3.5,North,0.1,North_Heavy,11.45,14.86
BLD-0134,0.66,Low_Rise,759.5,318.5,220.5,3.5,East,0.1,North_Heavy,11.42,14.75
BLD-0135,0.66,Low_Rise,759.5,,220.5,3.5,South,0.1,North_Heavy,,15.0
BLD-0136,0.66,Low_Rise,759.5,318.5,220.5,3.5,West,0.1,North_Heavy,,
BLD-0137,0.64,Low_Rise,784.0,343.0,220.5,3.5,North,0.1,North_Heavy,15.41,19.23
BLD-0138,0.64,Low_Rise,784.0,343.0,220.5,3.5,East,0.1,North_Heavy,15.18,19.34
BLD-0139,0.64,Low_Rise,784.0,,220.5,3.5,South,0.1,,,19.32
BLD-0140,0.64,Low_Rise,784.0,343.0,220.5,3.5,West,0.1,North_Heavy,15.19,19.3
BLD-0141,0.62,Low_Rise,808.5,367.5,220.5,3.5,North,0.1,North_Heavy,12.88,14.37
BLD-0142,0.62,Low_Rise,808.5,367.5,220.5,3.5,East,0.1,North_Heavy,,14.57
BLD-0143,0.62,Low_Rise,808.5,367.5,220.5,3.5,South,0.1,North_Heavy,12.97,14.27
BLD-0144,0.62,Low_Rise,808.5,367.5,220.5,3.5,West,0.1,North_Heavy,13.04,14.24
BLD-0145,0.98,High_Rise,514.5,294.0,,7.0,North,0.1,East_Heavy,24.28,25.68
BLD-0146,0.98,High_Rise,514.5,294.0,110.25,7.0,,0.1,East_Heavy,24.4,26.02
BLD-0147,0.98,High_Rise,514.5,294.0,110.25,7.0,South,0.1,East_Heavy,24.11,25.84
BLD-0148,0.98,High_Rise,514.5,294.0,110.25,7.0,West,0.1,East_Heavy,24.35,26.14
BLD-0149,,High_Rise,563.5,318.5,122.5,7.0,North,0.1,East_Heavy,28.07,34.14
BLD-0150,0.9,High_Rise,563.5,318.5,,7.0,East,0.1,East_Heavy,29.01,32.85
BLD-0151,0.9,High_Rise,563.5,318.5,122.5,,South,0.1,,29.62,30.08
BLD-0152,0.9,High_Rise,563.5,318.5,122.5,7.0,West,0.1,East_Heavy,29.05,29.67
BLD-0153,0.86,High_Rise,588.0,294.0,147.0,7.0,North,,,25.41,31.73
BLD-0154,0.86,High_Rise,588.0,294.0,147.0,7.0,East,,East_Heavy,26.47,
BLD-0155,0.86,High_Rise,,,147.0,7.0,,0.1,East_Heavy,26.89,25.9
BLD-0156,0.86,High_Rise,588.0,294.0,147.0,7.0,West,0.1,East_Heavy,,27.4
BLD-0157,0.82,High_Rise,612.5,318.5,147.0,7.0,North,0.1,East_Heavy,22.93,28.68
BLD-0158,0.82,High_Rise,612.5,318.5,147.0,7.0,East,0.1,East_Heavy,23.84,27.54
BLD-0159,0.82,High_Rise,612.5,318.5,147.0,,,,East_Heavy,24.17,25.35
BLD-0160,0.82,High_Rise,612.5,318.5,147.0,7.0,West,0.1,East_Heavy,23.87,24.93
BLD-0161,0.79,High_Rise,637.0,343.0,147.0,,North,0.1,East_Heavy,35.78,43.12
BLD-0162,0.79,High_Rise,637.0,343.0,147.0,7.0,East,0.1,East_Heavy,35.48,41.22
BLD-0163,0.79,High_Rise,637.0,343.0,147.0,7.0,South,0.1,East_Heavy,36.97,35.1
BLD-0164,0.79,High_Rise,637.0,343.0,147.0,7.0,West,0.1,East_Heavy,36.7,34.29
BLD-0165,0.76,High_Rise,661.5,416.5,122.5,7.0,North,0.1,East_Heavy,32.52,33.85
BLD-0166,0.76,High_Rise,661.5,416.5,122.5,7.0,East,0.1,East_Heavy,33.28,34.11
BLD-0167,0.76,High_Rise,661.5,416.5,122.5,7.0,South,0.1,East_Heavy,32.33,34.48
BLD-0168,0.76,High_Rise,661.5,416.5,122.5,7.0,West,0.1,East_Heavy,33.24,34.5
BLD-0169,0.74,Low_Rise,686.0,245.0,220.5,3.5,North,0.1,East_Heavy,10.39,13.6
BLD-0170,0.74,Low_Rise,686.0,245.0,220.5,3.5,East,0.1,East_Heavy,10.34,13.36
BLD-0171,0.74,Low_Rise,686.0,245.0,220.5,3.5,South,0.1,East_Heavy,10.35,13.65
BLD-0172,0.74,Low_Rise,686.0,245.0,220.5,3.5,,0.1,East_Heavy,10.38,13.49
BLD-0173,0.71,Low_Rise,710.5,269.5,220.5,3.5,North,0.1,East_Heavy,10.77,14.14
BLD-0174,0.71,Low_Rise,710.5,269.5,220.5,3.5,East,0.1,East_Heavy,10.68,
BLD-0175,0.71,Low_Rise,710.5,269.5,220.5,3.5,South,0.1,East_Heavy,10.68,14.3
BLD-0176,0.71,Low_Rise,710.5,269.5,220.5,3.5,West,0.1,,10.7,13.87
BLD-0177,0.69,Low_Rise,735.0,294.0,220.5,3.5,North,0.1,East_Heavy,11.22,14.44
BLD-0178,0.69,Low_Rise,735.0,294.0,220.5,3.5,East,0.1,East_Heavy,11.16,14.27
BLD-0179,0.69,Low_Rise,735.0,294.0,220.5,3.5,South,0.1,East_Heavy,11.1,14.67
BLD-0180,0.69,Low_Rise,735.0,294.0,220.5,3.5,West,0.1,East_Heavy,11.14,14.4
BLD-0181,0.66,Low_Rise,759.5,318.5,220.5,3.5,North,0.1,East_Heavy,11.59,13.46
BLD-0182,0.66,Low_Rise,759.5,318.5,220.5,3.5,East,0.1,East_Heavy,11.6,13.7
BLD-0183,0.66,Low_Rise,759.5,318.5,220.5,3.5,South,0.1,East_Heavy,11.53,13.59
BLD-0184,0.66,Low_Rise,759.5,318.5,220.5,3.5,West,0.1,,11.61,13.83
BLD-0185,0.64,Low_Rise,784.0,343.0,220.5,3.5,North,0.1,East_Heavy,15.16,19.14
BLD-0186,0.64,Low_Rise,784.0,343.0,220.5,3.5,East,0.1,East_Heavy,15.36,19.18
BLD-0187,0.64,Low_Rise,784.0,343.0,220.5,3.5,South,0.1,East_Heavy,15.12,19.37
BLD-0188,0.64,Low_Rise,784.0,343.0,220.5,3.5,West,0.1,East_Heavy,15.36,19.29
BLD-0189,0.62,Low_Rise,808.5,367.5,220.5,3.5,North,0.1,East_Heavy,12.68,14.09
BLD-0190,0.62,Low_Rise,808.5,367.5,220.5,3.5,East,0.1,East_Heavy,,14.23
BLD-0191,0.62,Low_Rise,808.5,367.5,,3.5,South,0.1,East_Heavy,12.71,14.14
BLD-0192,0.62,Low_Rise,808.5,367.5,220.5,3.5,West,0.1,East_Heavy,12.73,13.89
BLD-0193,0.98,High_Rise,514.5,294.0,,7.0,North,0.1,South_Heavy,24.38,25.91
BLD-0194,0.98,High_Rise,514.5,294.0,110.25,7.0,East,,South_Heavy,24.23,25.72
BLD-0195,0.98,High_Rise,514.5,294.0,,7.0,South,0.1,South_Heavy,,26.18
BLD-0196,0.98,High_Rise,514.5,294.0,110.25,7.0,West,0.1,South_Heavy,24.32,25.87
BLD-0197,0.9,High_Rise,563.5,318.5,122.5,7.0,North,0.1,South_Heavy,29.06,29.34
BLD-0198,0.9,High_Rise,563.5,318.5,122.5,7.0,East,0.1,South_Heavy,28.05,33.91
BLD-0199,0.9,High_Rise,563.5,318.5,122.5,7.0,South,,South_Heavy,28.86,32.83
BLD-0200,,High_Rise,563.5,318.5,122.5,7.0,West,0.1,South_Heavy,29.79,29.92
BLD-0201,0.86,High_Rise,588.0,,147.0,7.0,North,0.1,South_Heavy,26.44,27.17
BLD-0202,0.86,High_Rise,588.0,294.0,147.0,7.0,East,0.1,,25.37,31.76
BLD-0203,0.86,High_Rise,588.0,294.0,147.0,7.0,South,0.1,South_Heavy,26.33,31.06
BLD-0204,0.86,High_Rise,588.0,294.0,147.0,7.0,West,0.1,South_Heavy,27.03,25.81
BLD-0205,,High_Rise,612.5,318.5,147.0,7.0,North,0.1,South_Heavy,,24.61
BLD-0206,0.82,High_Rise,612.5,318.5,147.0,7.0,East,0.1,South_Heavy,22.8,28.61
BLD-0207,0.82,High_Rise,612.5,318.5,147.0,7.0,South,0.1,South_Heavy,23.59,27.57
BLD-0208,0.82,High_Rise,612.5,318.5,,7.0,West,0.1,South_Heavy,24.24,25.16
BLD-0209,,High_Rise,637.0,,147.0,7.0,North,,South_Heavy,36.86,34.25
BLD-0210,,High_Rise,637.0,343.0,147.0,7.0,East,0.1,South_Heavy,35.89,43.3
BLD-0211,0.79,High_Rise,637.0,343.0,147.0,7.0,,0.1,South_Heavy,35.45,41.86
BLD-0212,0.79,High_Rise,637.0,343.0,147.0,7.0,West,0.1,South_Heavy,37.1,35.29
BLD-0213,,High_Rise,661.5,416.5,122.5,7.0,North,0.1,South_Heavy,33.08,34.11
BLD-0214,,High_Rise,661.5,416.5,122.5,7.0,East,0.1,,32.38,33.62
BLD-0215,0.76,High_Rise,661.5,416.5,,7.0,South,0.1,South_Heavy,33.09,33.89
BLD-0216,0.76,High_Rise,661.5,416.5,122.5,7.0,West,,South_Heavy,32.31,34.05
BLD-0217,0.74,Low_Rise,686.0,245.0,220.5,3.5,North,0.1,South_Heavy,10.08,13.2
BLD-0218,0.74,Low_Rise,686.0,245.0,220.5,3.5,East,0.1,South_Heavy,10.15,13.36
BLD-0219,0.74,Low_Rise,686.0,,220.5,3.5,South,0.1,South_Heavy,10.07,13.21
BLD-0220,0.74,Low_Rise,686.0,245.0,220.5,,West,0.1,South_Heavy,10.14,13.53
BLD-0221,0.71,Low_Rise,710.5,269.5,220.5,3.5,North,0.1,South_Heavy,10.66,13.67
BLD-0222,0.71,Low_Rise,710.5,269.5,220.5,3.5,East,0.1,South_Heavy,10.68,14.12
BLD-0223,0.71,Low_Rise,710.5,269.5,220.5,3.5,,0.1,South_Heavy,10.53,
BLD-0224,0.71,Low_Rise,710.5,269.5,220.5,3.5,West,0.1,South_Heavy,10.72,14.2
BLD-0225,0.69,Low_Rise,735.0,294.0,220.5,3.5,North,,South_Heavy,11.18,14.29
BLD-0226,0.69,Low_Rise,735.0,294.0,220.5,3.5,,0.1,South_Heavy,11.22,14.49
BLD-0227,0.69,Low_Rise,735.0,294.0,220.5,3.5,South,0.1,South_Heavy,11.07,14.42
BLD-0228,0.69,Low_Rise,735.0,294.0,220.5,3.5,West,0.1,South_Heavy,11.2,14.73
BLD-0229,0.66,Low_Rise,759.5,318.5,220.5,3.5,North,0.1,South_Heavy,11.44,14.86
BLD-0230,0.66,Low_Rise,759.5,,220.5,3.5,East,0.1,South_Heavy,11.42,14.67
BLD-0231,0.66,Low_Rise,759.5,318.5,220.5,3.5,South,0.1,,11.33,15.0
BLD-0232,0.66,Low_Rise,759.5,318.5,220.5,3.5,West,0.1,South_Heavy,11.43,14.83
BLD-0233,0.64,Low_Rise,784.0,343.0,220.5,3.5,North,0.1,South_Heavy,15.4,19.24
BLD-0234,0.64,Low_Rise,784.0,343.0,220.5,3.5,East,0.1,South_Heavy,,19.25
BLD-0235,0.64,Low_Rise,784.0,343.0,220.5,3.5,South,0.1,South_Heavy,15.32,19.42
BLD-0236,0.64,Low_Rise,784.0,343.0,220.5,3.5,West,0.1,South_Heavy,15.16,19.48
BLD-0237,0.62,Low_Rise,808.5,367.5,220.5,3.5,North,0.1,South_Heavy,12.85,14.37
BLD-0238,0.62,Low_Rise,808.5,367.5,220.5,3.5,East,0.1,South_Heavy,13.04,14.34
BLD-0239,0.62,Low_Rise,808.5,367.5,220.5,3.5,South,0.1,South_Heavy,13.0,14.28
BLD-0240,0.62,Low_Rise,808.5,367.5,220.5,3.5,West,0.1,South_Heavy,,14.47
BLD-0241,0.98,High_Rise,514.5,294.0,110.25,7.0,,0.1,West_Heavy,24.35,25.64
BLD-0242,0.98,High_Rise,514.5,294.0,110.25,7.0,East,0.1,West_Heavy,24.33,25.98
BLD-0243,0.98,High_Rise,514.5,294.0,110.25,7.0,South,0.1,West_Heavy,24.03,25.88
BLD-0244,0.98,High_Rise,514.5,294.0,110.25,7.0,West,0.1,West_Heavy,24.26,26.18
BLD-0245,0.9,High_Rise,563.5,318.5,122.5,7.0,North,0.1,West_Heavy,29.83,
BLD-0246,0.9,High_Rise,563.5,318.5,122.5,7.0,,0.1,West_Heavy,29.08,29.52
BLD-0247,0.9,High_Rise,563.5,318.5,,7.0,South,0.1,West_Heavy,28.03,34.45
BLD-0248,0.9,High_Rise,563.5,318.5,122.5,7.0,West,0.1,,29.02,33.01
BLD-0249,0.86,High_Rise,588.0,294.0,147.0,7.0,,0.1,West_Heavy,27.03,25.82
BLD-0250,0.86,High_Rise,588.0,294.0,147.0,7.0,,0.1,West_Heavy,26.45,27.33
BLD-0251,0.86,High_Rise,588.0,294.0,147.0,7.0,South,,West_Heavy,25.36,32.04
BLD-0252,0.86,High_Rise,588.0,294.0,147.0,7.0,West,0.1,West_Heavy,26.45,31.28
BLD-0253,0.82,High_Rise,612.5,318.5,147.0,7.0,North,0.1,West_Heavy,24.37,25.11
BLD-0254,0.82,High_Rise,612.5,,147.0,7.0,East,0.1,West_Heavy,23.89,24.77
BLD-0255,0.82,High_Rise,612.5,318.5,147.0,7.0,,0.1,West_Heavy,22.89,28.88
BLD-0256,0.82,High_Rise,612.5,318.5,147.0,7.0,West,0.1,,23.86,27.69
BLD-0257,0.79,High_Rise,637.0,343.0,,7.0,North,0.1,West_Heavy,37.03,34.99
BLD-0258,0.79,High_Rise,637.0,343.0,147.0,7.0,East,0.1,West_Heavy,,34.18
BLD-0259,0.79,High_Rise,637.0,343.0,147.0,7.0,,,West_Heavy,36.77,43.14
BLD-0260,0.79,High_Rise,637.0,343.0,147.0,7.0,West,0.1,West_Heavy,35.48,
BLD-0261,0.76,High_Rise,661.5,416.5,122.5,7.0,North,0.1,,32.31,34.25
BLD-0262,0.76,High_Rise,661.5,416.5,122.5,7.0,East,0.1,West_Heavy,33.21,34.35
BLD-0263,0.76,High_Rise,661.5,416.5,122.5,7.0,South,0.1,West_Heavy,32.46,33.64
BLD-0264,0.76,High_Rise,661.5,416.5,122.5,7.0,West,0.1,West_Heavy,33.27,33.88
BLD-0265,0.74,Low_Rise,686.0,245.0,,3.5,North,0.1,West_Heavy,10.47,13.65
BLD-0266,,Low_Rise,686.0,245.0,220.5,3.5,East,0.1,West_Heavy,10.37,13.44
BLD-0267,0.74,Low_Rise,686.0,245.0,220.5,3.5,South,0.1,West_Heavy,10.34,13.72
BLD-0268,0.74,Low_Rise,686.0,245.0,220.5,3.5,West,0.1,West_Heavy,10.39,13.5
BLD-0269,0.71,Low_Rise,,269.5,220.5,3.5,North,0.1,West_Heavy,10.78,14.18
BLD-0270,0.71,Low_Rise,710.5,269.5,220.5,3.5,East,0.1,West_Heavy,10.7,13.75
BLD-0271,0.71,Low_Rise,710.5,269.5,220.5,3.5,South,0.1,,10.67,14.26
BLD-0272,0.71,Low_Rise,710.5,269.5,220.5,3.5,West,0.1,West_Heavy,13.69,13.89
BLD-0273,0.69,Low_Rise,735.0,294.0,220.5,3.5,North,0.1,West_Heavy,11.21,14.55
BLD-0274,0.69,Low_Rise,735.0,294.0,220.5,3.5,East,0.1,West_Heavy,11.14,14.28
BLD-0275,0.69,Low_Rise,735.0,294.0,,3.5,South,,West_Heavy,11.11,14.46
BLD-0276,0.69,Low_Rise,,294.0,220.5,3.5,West,0.1,West_Heavy,11.16,14.39
BLD-0277,0.66,Low_Rise,759.5,,220.5,3.5,North,0.1,West_Heavy,11.38,14.54
BLD-0278,0.66,Low_Rise,759.5,318.5,220.5,3.5,East,0.1,West_Heavy,11.34,14.81
BLD-0279,0.66,Low_Rise,759.5,318.5,220.5,3.5,South,0.1,West_Heavy,11.22,14.65
BLD-0280,0.66,Low_Rise,759.5,318.5,220.5,3.5,West,0.1,West_Heavy,11.34,14.87
BLD-0281,0.64,Low_Rise,784.0,343.0,220.5,3.5,,0.1,West_Heavy,,19.24
BLD-0282,,Low_Rise,784.0,343.0,220.5,3.5,East,0.1,,15.37,19.18
BLD-0283,0.64,Low_Rise,784.0,343.0,220.5,3.5,South,0.1,West_Heavy,15.12,19.26
BLD-0284,0.64,Low_Rise,784.0,343.0,220.5,3.5,West,0.1,West_Heavy,15.36,19.29
BLD-0285,0.62,Low_Rise,808.5,367.5,220.5,3.5,North,0.1,West_Heavy,12.59,14.24
BLD-0286,0.62,Low_Rise,808.5,367.5,,3.5,East,0.1,West_Heavy,12.74,13.97
BLD-0287,0.62,Low_Rise,808.5,367.5,220.5,3.5,South,0.1,West_Heavy,12.8,13.99
BLD-0288,0.62,Low_Rise,808.5,367.5,220.5,3.5,West,0.1,West_Heavy,12.62,14.15
BLD-0289,0.98,High_Rise,514.5,294.0,110.25,7.0,North,,,28.15,29.79
BLD-0290,0.98,High_Rise,514.5,294.0,110.25,7.0,East,0.25,,28.15,29.79
BLD-0291,0.98,High_Rise,514.5,294.0,110.25,7.0,South,0.25,Uniform,28.37,29.28
BLD-0292,0.98,High_Rise,514.5,294.0,,7.0,West,,Uniform,28.41,29.49
BLD-0293,0.9,High_Rise,563.5,318.5,122.5,7.0,North,0.25,Uniform,32.68,36.12
BLD-0294,0.9,High_Rise,563.5,318.5,122.5,7.0,,,Uniform,33.48,33.17
BLD-0295,0.9,High_Rise,563.5,318.5,122.5,7.0,South,0.25,Uniform,32.84,32.71
BLD-0296,0.9,High_Rise,563.5,318.5,122.5,7.0,West,0.25,Uniform,32.0,37.58
BLD-0297,0.86,High_Rise,588.0,294.0,147.0,7.0,North,0.25,Uniform,29.54,33.98
BLD-0298,0.86,High_Rise,588.0,294.0,147.0,7.0,East,0.25,Uniform,30.05,28.61
BLD-0299,0.86,High_Rise,588.0,294.0,147.0,7.0,South,0.25,Uniform,,30.12
BLD-0300,0.86,High_Rise,588.0,,147.0,7.0,,0.25,Uniform,28.66,34.73
BLD-0301,,High_Rise,612.5,318.5,147.0,7.0,North,0.25,Uniform,26.84,30.17
BLD-0302,0.82,High_Rise,612.5,318.5,147.0,7.0,East,0.25,Uniform,27.27,27.84
BLD-0303,0.82,High_Rise,612.5,318.5,147.0,7.0,South,0.25,Uniform,26.97,27.25
BLD-0304,0.82,High_Rise,612.5,318.5,147.0,7.0,West,0.25,Uniform,26.19,31.39
BLD-0305,0.79,High_Rise,637.0,343.0,147.0,7.0,North,0.25,Uniform,38.67,43.8
BLD-0306,0.79,High_Rise,637.0,343.0,147.0,7.0,East,0.25,Uniform,40.03,37.81
BLD-0307,0.79,High_Rise,,343.0,147.0,7.0,,0.25,Uniform,39.86,36.85
BLD-0308,0.79,High_Rise,637.0,343.0,147.0,7.0,West,0.25,Uniform,39.04,45.52
BLD-0309,0.76,High_Rise,661.5,416.5,122.5,7.0,North,0.25,Uniform,36.96,36.85
BLD-0310,0.76,High_Rise,661.5,416.5,122.5,7.0,East,0.25,Uniform,36.13,37.58
BLD-0311,0.76,High_Rise,661.5,416.5,122.5,7.0,South,0.25,Uniform,36.91,37.45
BLD-0312,0.76,High_Rise,661.5,416.5,122.5,7.0,,0.25,,36.43,36.62
BLD-0313,0.74,Low_Rise,686.0,245.0,220.5,3.5,North,0.25,Uniform,,15.19
BLD-0314,0.74,Low_Rise,686.0,245.0,220.5,3.5,East,0.25,Uniform,12.5,
BLD-0315,0.74,Low_Rise,686.0,245.0,220.5,3.5,South,0.25,,12.41,15.28
BLD-0316,0.74,Low_Rise,686.0,245.0,220.5,3.5,West,0.25,Uniform,12.45,15.5
BLD-0317,0.71,Low_Rise,,269.5,220.5,3.5,North,0.25,Uniform,12.57,15.42
BLD-0318,0.71,Low_Rise,710.5,269.5,220.5,3.5,East,0.25,Uniform,12.65,15.85
BLD-0319,0.71,Low_Rise,710.5,269.5,220.5,3.5,South,0.25,Uniform,12.57,15.44
BLD-0320,0.71,Low_Rise,710.5,269.5,220.5,3.5,West,0.25,Uniform,12.63,15.81
BLD-0321,0.69,Low_Rise,735.0,294.0,220.5,3.5,North,0.25,Uniform,12.78,15.21
BLD-0322,0.69,Low_Rise,735.0,294.0,220.5,3.5,East,0.25,Uniform,12.93,15.63
BLD-0323,0.69,Low_Rise,735.0,294.0,220.5,3.5,South,,Uniform,12.73,15.48
BLD-0324,0.69,Low_Rise,735.0,294.0,220.5,3.5,West,,Uniform,12.72,15.78
BLD-0325,,Low_Rise,759.5,318.5,220.5,3.5,North,0.25,Uniform,13.17,16.39
BLD-0326,0.66,Low_Rise,759.5,318.5,220.5,3.5,East,0.25,Uniform,13.18,16.27
BLD-0327,0.66,Low_Rise,759.5,,220.5,3.5,South,0.25,Uniform,13.17,16.39
BLD-0328,0.66,Low_Rise,759.5,318.5,220.5,3.5,West,0.25,Uniform,13.18,16.19
BLD-0329,,Low_Rise,784.0,343.0,220.5,3.5,North,0.25,Uniform,17.5,21.13
BLD-0330,0.64,Low_Rise,784.0,343.0,220.5,3.5,East,0.25,Uniform,17.35,21.19
BLD-0331,0.64,Low_Rise,784.0,343.0,220.5,3.5,South,0.25,Uniform,17.52,21.09
BLD-0332,0.64,Low_Rise,784.0,343.0,,3.5,West,,Uniform,17.37,21.08
BLD-0333,0.62,Low_Rise,808.5,,220.5,3.5,North,0.25,Uniform,15.09,15.77
BLD-0334,0.62,Low_Rise,808.5,367.5,220.5,3.5,East,0.25,Uniform,15.12,15.95
BLD-0335,0.62,Low_Rise,808.5,367.5,220.5,3.5,,0.25,Uniform,15.08,15.77
BLD-0336,0.62,Low_Rise,,367.5,220.5,3.5,West,0.25,Uniform,15.16,15.76
BLD-0337,,High_Rise,514.5,,110.25,7.0,North,0.25,North_Heavy,28.67,29.62
BLD-0338,0.98,High_Rise,514.5,294.0,110.25,7.0,East,0.25,North_Heavy,,29.69
BLD-0339,,High_Rise,514.5,294.0,110.25,7.0,South,0.25,North_Heavy,28.18,30.18
BLD-0340,0.98,High_Rise,,294.0,110.25,7.0,West,0.25,North_Heavy,28.6,30.02
BLD-0341,0.9,High_Rise,563.5,318.5,122.5,7.0,North,0.25,North_Heavy,32.46,35.56
BLD-0342,0.9,High_Rise,563.5,318.5,122.5,7.0,East,0.25,North_Heavy,33.27,32.64
BLD-0343,0.9,High_Rise,563.5,,122.5,7.0,South,0.25,North_Heavy,32.33,32.77
BLD-0344,0.9,High_Rise,563.5,318.5,122.5,7.0,West,0.25,North_Heavy,31.66,
BLD-0345,0.86,High_Rise,588.0,294.0,147.0,7.0,North,0.25,North_Heavy,29.34,33.37
BLD-0346,0.86,High_Rise,588.0,,,7.0,East,0.25,North_Heavy,29.87,27.89
BLD-0347,0.86,High_Rise,588.0,294.0,,7.0,South,0.25,North_Heavy,29.27,29.9
BLD-0348,0.86,High_Rise,588.0,294.0,147.0,7.0,West,0.25,North_Heavy,28.4,34.52
BLD-0349,0.82,High_Rise,612.5,318.5,147.0,7.0,North,0.25,North_Heavy,25.74,28.27
BLD-0350,0.82,High_Rise,612.5,318.5,147.0,7.0,East,0.25,,25.98,26.96
BLD-0351,0.82,High_Rise,612.5,,147.0,7.0,South,0.25,North_Heavy,25.38,26.72
BLD-0352,0.82,High_Rise,612.5,318.5,147.0,7.0,West,0.25,North_Heavy,24.94,29.88
BLD-0353,0.79,High_Rise,637.0,343.0,147.0,7.0,North,,North_Heavy,38.57,43.86
BLD-0354,0.79,High_Rise,637.0,343.0,147.0,7.0,East,0.25,North_Heavy,40.19,37.41
BLD-0355,0.79,High_Rise,637.0,343.0,147.0,7.0,South,0.25,North_Heavy,39.97,36.77
BLD-0356,0.79,High_Rise,637.0,343.0,147.0,7.0,West,0.25,North_Heavy,38.98,45.97
BLD-0357,,High_Rise,661.5,416.5,122.5,7.0,North,0.25,North_Heavy,36.95,36.87
BLD-0358,0.76,High_Rise,661.5,416.5,122.5,7.0,,0.25,North_Heavy,36.28,37.35
BLD-0359,0.76,High_Rise,661.5,416.5,122.5,7.0,South,0.25,North_Heavy,36.86,
BLD-0360,0.76,High_Rise,661.5,416.5,122.5,7.0,,0.25,North_Heavy,36.45,36.81
BLD-0361,0.74,Low_Rise,686.0,245.0,220.5,3.5,North,0.25,North_Heavy,12.35,14.73
BLD-0362,0.74,Low_Rise,686.0,245.0,220.5,3.5,East,0.25,North_Heavy,12.45,15.1
BLD-0363,0.74,Low_Rise,686.0,245.0,220.5,3.5,South,,North_Heavy,12.16,15.18
BLD-0364,,Low_Rise,686.0,245.0,220.5,3.5,West,0.25,North_Heavy,12.3,15.44
BLD-0365,0.71,Low_Rise,710.5,269.5,220.5,3.5,North,0.25,North_Heavy,12.33,14.91
BLD-0366,0.71,Low_Rise,710.5,269.5,220.5,3.5,East,0.25,North_Heavy,12.29,15.4
BLD-0367,0.71,Low_Rise,710.5,269.5,220.5,3.5,South,0.25,North_Heavy,12.2,14.94
BLD-0368,0.71,Low_Rise,710.5,269.5,220.5,3.5,West,0.25,,12.49,15.32
BLD-0369,0.69,Low_Rise,735.0,294.0,220.5,3.5,North,0.25,North_Heavy,12.85,15.52
BLD-0370,0.69,Low_Rise,735.0,294.0,220.5,3.5,East,0.25,North_Heavy,12.87,15.85
BLD-0371,0.69,Low_Rise,735.0,294.0,220.5,3.5,South,0.25,North_Heavy,12.73,15.66
BLD-0372,0.69,Low_Rise,,294.0,220.5,3.5,West,0.25,North_Heavy,12.95,15.99
BLD-0373,0.66,Low_Rise,759.5,318.5,220.5,3.5,,0.25,North_Heavy,13.05,15.89
BLD-0374,0.66,Low_Rise,759.5,318.5,220.5,3.5,,0.25,North_Heavy,12.93,15.85
BLD-0375,0.66,Low_Rise,759.5,318.5,220.5,3.5,South,0.25,,12.77,16.22
BLD-0376,0.66,Low_Rise,759.5,318.5,220.5,3.5,West,0.25,North_Heavy,13.0,15.87
BLD-0377,0.64,Low_Rise,784.0,343.0,220.5,3.5,,0.25,North_Heavy,17.14,20.47
BLD-0378,0.64,Low_Rise,784.0,343.0,220.5,3.5,East,0.25,North_Heavy,16.84,20.56
BLD-0379,0.64,Low_Rise,784.0,343.0,220.5,3.5,South,0.25,,17.02,20.48
BLD-0380,0.64,Low_Rise,784.0,,220.5,3.5,West,0.25,North_Heavy,17.11,20.43
BLD-0381,0.62,Low_Rise,808.5,367.5,220.5,3.5,,0.25,North_Heavy,14.34,15.32
BLD-0382,0.62,Low_Rise,808.5,367.5,220.5,3.5,East,,North_Heavy,14.66,15.64
BLD-0383,0.62,Low_Rise,808.5,367.5,220.5,3.5,South,0.25,North_Heavy,14.6,15.14
BLD-0384,0.62,Low_Rise,808.5,367.5,220.5,3.5,West,0.25,North_Heavy,14.6,15.3
BLD-0385,0.98,High_Rise,514.5,294.0,110.25,7.0,North,0.25,East_Heavy,28.67,29.43
BLD-0386,0.98,High_Rise,514.5,294.0,110.25,7.0,East,0.25,East_Heavy,28.56,29.78
BLD-0387,0.98,High_Rise,514.5,294.0,110.25,7.0,South,0.25,East_Heavy,28.17,30.1
BLD-0388,0.98,High_Rise,514.5,294.0,110.25,7.0,West,0.25,East_Heavy,28.63,30.19
BLD-0389,0.9,High_Rise,563.5,318.5,122.5,7.0,North,0.25,East_Heavy,31.63,36.35
BLD-0390,0.9,High_Rise,563.5,318.5,122.5,7.0,East,0.25,East_Heavy,32.4,35.1
BLD-0391,0.9,High_Rise,563.5,318.5,122.5,7.0,South,0.25,East_Heavy,32.68,32.83
BLD-0392,0.9,High_Rise,563.5,318.5,122.5,7.0,West,0.25,East_Heavy,32.29,32.46
BLD-0393,0.86,High_Rise,588.0,294.0,147.0,7.0,North,0.25,East_Heavy,28.4,33.52
BLD-0394,0.86,High_Rise,588.0,294.0,147.0,7.0,East,0.25,East_Heavy,29.4,32.93
BLD-0395,0.86,High_Rise,588.0,294.0,147.0,7.0,South,0.25,East_Heavy,29.43,28.38
BLD-0396,0.86,High_Rise,588.0,294.0,,7.0,West,0.25,East_Heavy,29.07,29.82
BLD-0397,0.82,High_Rise,612.5,318.5,147.0,7.0,North,,East_Heavy,24.7,28.77
BLD-0398,0.82,High_Rise,612.5,,147.0,7.0,East,0.25,East_Heavy,25.48,27.76
BLD-0399,0.82,High_Rise,612.5,318.5,147.0,7.0,South,0.25,East_Heavy,25.37,26.95
BLD-0400,0.82,High_Rise,612.5,318.5,147.0,7.0,West,0.25,East_Heavy,,26.41
BLD-0401,0.79,High_Rise,637.0,343.0,147.0,,North,0.25,East_Heavy,39.04,45.13
BLD-0402,0.79,High_Rise,637.0,343.0,147.0,7.0,East,0.25,East_Heavy,38.35,43.66
BLD-0403,0.79,High_Rise,637.0,343.0,147.0,7.0,South,0.25,East_Heavy,39.81,37.76
BLD-0404,0.79,High_Rise,637.0,343.0,147.0,7.0,West,0.25,East_Heavy,39.83,36.87
BLD-0405,0.76,High_Rise,661.5,416.5,122.5,7.0,North,0.25,East_Heavy,35.99,36.07
BLD-0406,0.76,High_Rise,661.5,416.5,122.5,7.0,East,0.25,East_Heavy,36.59,
BLD-0407,0.76,High_Rise,661.5,416.5,122.5,7.0,South,0.25,East_Heavy,35.64,37.28
BLD-0408,0.76,High_Rise,661.5,416.5,122.5,7.0,West,0.25,East_Heavy,36.52,37.29
BLD-0409,0.74,Low_Rise,686.0,245.0,220.5,3.5,North,0.25,East_Heavy,11.8,14.49
BLD-0410,0.74,Low_Rise,686.0,245.0,220.5,3.5,East,0.25,East_Heavy,12.03,13.79
BLD-0411,0.74,Low_Rise,686.0,245.0,220.5,3.5,South,0.25,East_Heavy,11.98,14.72
BLD-0412,0.74,Low_Rise,686.0,245.0,220.5,3.5,West,0.25,East_Heavy,11.69,14.76
BLD-0413,0.71,Low_Rise,710.5,269.5,220.5,3.5,North,0.25,East_Heavy,12.41,14.92
BLD-0414,0.71,Low_Rise,710.5,269.5,220.5,3.5,East,0.25,East_Heavy,12.28,14.74
BLD-0415,0.71,Low_Rise,710.5,269.5,220.5,3.5,South,0.25,East_Heavy,12.1,15.57
BLD-0416,0.71,Low_Rise,710.5,269.5,220.5,3.5,West,0.25,East_Heavy,12.19,14.94
BLD-0417,0.69,Low_Rise,735.0,294.0,,3.5,North,0.25,East_Heavy,,14.92
BLD-0418,0.69,Low_Rise,735.0,294.0,220.5,,East,0.25,East_Heavy,12.46,14.38
BLD-0419,0.69,Low_Rise,735.0,,220.5,3.5,South,0.25,,12.31,15.44
BLD-0420,0.69,Low_Rise,735.0,294.0,220.5,3.5,West,0.25,East_Heavy,12.12,15.17
BLD-0421,0.66,Low_Rise,759.5,318.5,220.5,3.5,North,0.25,East_Heavy,12.97,15.53
BLD-0422,0.66,Low_Rise,759.5,318.5,220.5,3.5,East,0.25,East_Heavy,13.01,15.8
BLD-0423,0.66,Low_Rise,759.5,318.5,220.5,3.5,South,0.25,East_Heavy,12.74,16.14
BLD-0424,0.66,Low_Rise,759.5,318.5,220.5,3.5,West,0.25,East_Heavy,12.84,16.26
BLD-0425,0.64,Low_Rise,784.0,343.0,220.5,3.5,North,0.25,East_Heavy,16.83,19.87
BLD-0426,,Low_Rise,784.0,343.0,220.5,3.5,East,0.25,East_Heavy,16.93,20.03
BLD-0427,0.64,Low_Rise,784.0,343.0,220.5,3.5,South,0.25,East_Heavy,16.66,
BLD-0428,0.64,Low_Rise,784.0,343.0,220.5,3.5,West,0.25,East_Heavy,16.86,20.28
BLD-0429,0.62,Low_Rise,,367.5,220.5,3.5,North,0.25,,13.91,14.89
BLD-0430,0.62,Low_Rise,808.5,367.5,220.5,3.5,East,0.25,East_Heavy,14.34,14.96
BLD-0431,0.62,Low_Rise,808.5,367.5,220.5,3.5,South,0.25,East_Heavy,13.95,14.89
BLD-0432,,Low_Rise,808.5,367.5,220.5,3.5,West,0.25,,13.99,14.35
BLD-0433,0.98,High_Rise,514.5,294.0,110.25,7.0,North,0.25,South_Heavy,28.7,29.61
BLD-0434,0.98,High_Rise,514.5,294.0,110.25,7.0,East,0.25,South_Heavy,28.55,29.59
BLD-0435,0.98,High_Rise,514.5,294.0,110.25,7.0,South,0.25,South_Heavy,28.15,30.19
BLD-0436,0.98,High_Rise,514.5,294.0,110.25,7.0,West,0.25,South_Heavy,28.62,30.12
BLD-0437,0.9,High_Rise,563.5,318.5,122.5,7.0,North,,South_Heavy,32.67,32.12
BLD-0438,0.9,High_Rise,563.5,318.5,,7.0,East,0.25,South_Heavy,31.69,37.12
BLD-0439,0.9,High_Rise,563.5,318.5,122.5,7.0,South,0.25,South_Heavy,32.07,36.16
BLD-0440,0.9,High_Rise,563.5,318.5,122.5,7.0,West,0.25,South_Heavy,33.28,33.16
BLD-0441,0.86,High_Rise,588.0,294.0,147.0,7.0,North,0.25,South_Heavy,29.47,29.45
BLD-0442,0.86,High_Rise,588.0,294.0,147.0,7.0,East,0.25,South_Heavy,28.42,34.19
BLD-0443,0.86,High_Rise,588.0,294.0,147.0,7.0,South,0.25,South_Heavy,29.08,33.93
BLD-0444,0.86,High_Rise,588.0,294.0,147.0,7.0,West,0.25,South_Heavy,29.88,28.31
BLD-0445,0.82,High_Rise,,318.5,147.0,7.0,North,0.25,South_Heavy,25.66,26.3
BLD-0446,0.82,High_Rise,612.5,318.5,147.0,7.0,East,0.25,South_Heavy,24.96,29.43
BLD-0447,0.82,High_Rise,612.5,318.5,147.0,7.0,South,0.25,South_Heavy,25.43,28.76
BLD-0448,0.82,High_Rise,612.5,318.5,147.0,7.0,West,0.25,South_Heavy,26.0,
BLD-0449,0.79,High_Rise,637.0,343.0,147.0,7.0,North,0.25,South_Heavy,40.0,36.26
BLD-0450,0.79,High_Rise,637.0,,147.0,7.0,East,0.25,South_Heavy,38.84,45.48
BLD-0451,0.79,High_Rise,637.0,343.0,147.0,7.0,South,0.25,South_Heavy,38.33,44.16
BLD-0452,0.79,High_Rise,637.0,343.0,147.0,7.0,West,0.25,South_Heavy,40.12,37.26
BLD-0453,0.76,High_Rise,661.5,416.5,122.5,7.0,North,0.25,South_Heavy,36.95,37.2
BLD-0454,0.76,High_Rise,661.5,416.5,122.5,7.0,East,0.25,South_Heavy,,36.76
BLD-0455,0.76,High_Rise,661.5,416.5,122.5,7.0,South,0.25,South_Heavy,36.81,37.05
BLD-0456,0.76,High_Rise,661.5,416.5,122.5,7.0,,0.25,South_Heavy,36.26,37.51
BLD-0457,0.74,Low_Rise,,245.0,220.5,3.5,North,0.25,,12.32,14.92
BLD-0458,,Low_Rise,686.0,245.0,,3.5,East,0.25,South_Heavy,12.3,15.24
BLD-0459,0.74,Low_Rise,686.0,245.0,220.5,3.5,South,0.25,South_Heavy,12.18,15.03
BLD-0460,0.74,Low_Rise,686.0,245.0,220.5,3.5,West,0.25,South_Heavy,12.43,15.35
BLD-0461,0.71,Low_Rise,710.5,269.5,220.5,3.5,North,0.25,South_Heavy,12.36,14.67
BLD-0462,0.71,Low_Rise,710.5,269.5,220.5,3.5,East,0.25,South_Heavy,,15.09
BLD-0463,0.71,Low_Rise,710.5,269.5,220.5,3.5,South,0.25,South_Heavy,12.17,15.2
BLD-0464,0.71,Low_Rise,710.5,,220.5,,West,0.25,South_Heavy,12.28,15.64
BLD-0465,0.69,Low_Rise,735.0,294.0,220.5,3.5,North,0.25,South_Heavy,12.91,15.37
BLD-0466,0.69,Low_Rise,735.0,294.0,220.5,3.5,East,0.25,South_Heavy,12.95,15.73
BLD-0467,0.69,Low_Rise,735.0,294.0,220.5,3.5,South,0.25,South_Heavy,12.67,15.83
BLD-0468,0.69,Low_Rise,735.0,294.0,,3.5,West,0.25,South_Heavy,12.86,16.13
BLD-0469,0.66,Low_Rise,,318.5,220.5,3.5,North,0.25,,12.95,15.95
BLD-0470,0.66,Low_Rise,759.5,318.5,220.5,3.5,East,0.25,South_Heavy,13.0,15.59
BLD-0471,0.66,Low_Rise,759.5,318.5,220.5,3.5,South,0.25,South_Heavy,12.86,16.17
BLD-0472,0.66,Low_Rise,759.5,318.5,220.5,3.5,West,0.25,South_Heavy,12.92,16.14
BLD-0473,0.64,Low_Rise,784.0,343.0,220.5,3.5,North,0.25,South_Heavy,16.99,
BLD-0474,,Low_Rise,784.0,343.0,220.5,3.5,East,0.25,South_Heavy,16.69,19.76
BLD-0475,0.64,Low_Rise,784.0,343.0,220.5,3.5,South,,South_Heavy,16.56,20.37
BLD-0476,0.64,Low_Rise,784.0,343.0,220.5,3.5,West,,South_Heavy,16.62,19.9
BLD-0477,0.62,Low_Rise,808.5,367.5,220.5,,North,0.25,South_Heavy,14.33,15.41
BLD-0478,0.62,Low_Rise,808.5,367.5,,3.5,East,0.25,South_Heavy,14.61,15.56
BLD-0479,0.62,Low_Rise,808.5,367.5,220.5,3.5,South,0.25,South_Heavy,14.61,15.07
BLD-0480,0.62,Low_Rise,,367.5,220.5,3.5,West,0.25,South_Heavy,14.65,15.38
BLD-0481,0.98,High_Rise,514.5,294.0,110.25,7.0,North,0.25,West_Heavy,28.69,29.53
BLD-0482,0.98,High_Rise,514.5,294.0,110.25,7.0,East,0.25,,28.58,29.77
BLD-0483,0.98,High_Rise,514.5,,110.25,7.0,South,0.25,West_Heavy,28.15,30.0
BLD-0484,0.98,High_Rise,514.5,294.0,110.25,7.0,West,,West_Heavy,28.61,30.2
BLD-0485,0.9,High_Rise,563.5,318.5,122.5,7.0,North,0.25,West_Heavy,33.13,32.25
BLD-0486,0.9,High_Rise,563.5,318.5,122.5,7.0,East,0.25,West_Heavy,32.31,32.0
BLD-0487,0.9,High_Rise,,318.5,,7.0,South,0.25,West_Heavy,31.53,37.19
BLD-0488,0.9,High_Rise,563.5,318.5,122.5,7.0,West,0.25,,32.46,35.62
BLD-0489,0.86,High_Rise,588.0,294.0,147.0,7.0,North,0.25,West_Heavy,29.71,28.02
BLD-0490,0.86,High_Rise,588.0,294.0,147.0,7.0,East,0.25,West_Heavy,29.09,29.43
BLD-0491,0.86,High_Rise,588.0,294.0,147.0,7.0,South,0.25,West_Heavy,28.31,34.15
BLD-0492,0.86,High_Rise,588.0,294.0,147.0,7.0,West,0.25,West_Heavy,29.39,33.47
BLD-0493,0.82,High_Rise,612.5,318.5,147.0,7.0,North,,West_Heavy,25.7,26.53
BLD-0494,0.82,High_Rise,612.5,318.5,147.0,7.0,East,0.25,West_Heavy,25.17,26.08
BLD-0495,0.82,High_Rise,612.5,318.5,147.0,7.0,South,0.25,West_Heavy,24.6,29.31
BLD-0496,0.82,High_Rise,612.5,318.5,147.0,7.0,West,0.25,West_Heavy,25.49,28.14
BLD-0497,0.79,High_Rise,637.0,343.0,147.0,7.0,North,0.25,West_Heavy,39.89,37.54
BLD-0498,0.79,High_Rise,637.0,343.0,147.0,7.0,East,,West_Heavy,39.83,36.66
BLD-0499,0.79,High_Rise,637.0,343.0,147.0,7.0,South,0.25,West_Heavy,39.01,45.28
BLD-0500,0.79,High_Rise,637.0,343.0,147.0,7.0,West,0.25,West_Heavy,38.65,43.73
BLD-0501,0.76,High_Rise,661.5,416.5,122.5,7.0,North,0.25,West_Heavy,35.69,
BLD-0502,,High_Rise,661.5,416.5,122.5,7.0,East,0.25,West_Heavy,36.64,37.01
BLD-0503,0.76,High_Rise,661.5,416.5,122.5,7.0,South,0.25,West_Heavy,36.06,35.73
BLD-0504,0.76,High_Rise,661.5,416.5,122.5,7.0,West,0.25,,36.7,36.15
BLD-0505,0.74,Low_Rise,686.0,245.0,220.5,3.5,North,0.25,West_Heavy,12.12,14.48
BLD-0506,0.74,Low_Rise,686.0,,220.5,3.5,East,0.25,West_Heavy,11.67,14.58
BLD-0507,0.74,Low_Rise,686.0,245.0,220.5,3.5,South,0.25,West_Heavy,11.64,14.81
BLD-0508,0.74,Low_Rise,686.0,245.0,220.5,3.5,West,0.25,West_Heavy,12.02,14.03
BLD-0509,0.71,Low_Rise,710.5,269.5,220.5,3.5,North,0.25,West_Heavy,12.27,15.27
BLD-0510,0.71,Low_Rise,710.5,269.5,220.5,3.5,,0.25,,12.19,14.71
BLD-0511,0.71,Low_Rise,710.5,269.5,220.5,3.5,South,0.25,West_Heavy,12.25,15.23
BLD-0512,0.71,Low_Rise,710.5,269.5,220.5,3.5,West,,West_Heavy,12.27,14.97
BLD-0513,0.69,Low_Rise,735.0,,220.5,3.5,North,0.25,West_Heavy,12.47,15.14
BLD-0514,0.69,Low_Rise,735.0,294.0,220.5,3.5,East,0.25,West_Heavy,12.12,14.97
BLD-0515,0.69,Low_Rise,735.0,294.0,220.5,3.5,South,0.25,West_Heavy,12.18,15.22
BLD-0516,0.69,Low_Rise,735.0,294.0,220.5,3.5,West,0.25,,12.47,14.6
BLD-0517,0.66,Low_Rise,759.5,318.5,220.5,3.5,North,0.25,West_Heavy,12.93,15.83
BLD-0518,0.66,Low_Rise,759.5,318.5,220.5,3.5,,0.25,West_Heavy,12.82,16.03
BLD-0519,0.66,Low_Rise,759.5,318.5,220.5,3.5,South,0.25,West_Heavy,12.78,15.8
BLD-0520,0.66,Low_Rise,759.5,318.5,220.5,3.5,West,,West_Heavy,13.02,16.06
BLD-0521,0.64,Low_Rise,784.0,343.0,220.5,3.5,North,0.25,West_Heavy,16.73,20.13
BLD-0522,0.64,Low_Rise,784.0,343.0,220.5,3.5,,0.25,West_Heavy,16.86,20.01
BLD-0523,0.64,Low_Rise,784.0,343.0,220.5,3.5,South,0.25,West_Heavy,16.76,20.19
BLD-0524,0.64,Low_Rise,784.0,343.0,220.5,3.5,West,0.25,West_Heavy,16.92,20.29
BLD-0525,0.62,Low_Rise,808.5,367.5,220.5,3.5,North,0.25,West_Heavy,13.68,15.19
BLD-0526,0.62,Low_Rise,808.5,367.5,220.5,3.5,East,0.25,West_Heavy,13.99,14.61
BLD-0527,0.62,Low_Rise,808.5,367.5,220.5,3.5,South,0.25,West_Heavy,14.16,14.61
BLD-0528,0.62,Low_Rise,808.5,367.5,220.5,3.5,West,0.25,West_Heavy,13.86,14.75
BLD-0529,0.98,High_Rise,,294.0,110.25,7.0,North,0.4,Uniform,32.26,33.37
BLD-0530,0.98,High_Rise,514.5,294.0,110.25,7.0,East,0.4,Uniform,32.26,33.34
BLD-0531,0.98,High_Rise,,294.0,110.25,7.0,South,0.4,Uniform,32.49,32.83
BLD-0532,0.98,High_Rise,514.5,294.0,110.25,7.0,West,0.4,Uniform,32.53,33.04
BLD-0533,0.9,High_Rise,563.5,318.5,122.5,7.0,North,0.4,Uniform,36.47,39.28
BLD-0534,0.9,High_Rise,563.5,318.5,122.5,7.0,East,0.4,Uniform,37.24,36.38
BLD-0535,0.9,High_Rise,563.5,318.5,122.5,7.0,,0.4,Uniform,36.66,
BLD-0536,0.9,High_Rise,563.5,318.5,122.5,7.0,West,0.4,Uniform,35.96,40.99
BLD-0537,0.86,High_Rise,588.0,294.0,147.0,,North,0.4,Uniform,31.89,35.99
BLD-0538,0.86,High_Rise,588.0,294.0,147.0,7.0,East,0.4,Uniform,32.39,30.66
BLD-0539,0.86,High_Rise,588.0,294.0,147.0,7.0,South,0.4,Uniform,32.09,31.7
BLD-0540,0.86,High_Rise,588.0,294.0,147.0,7.0,,0.4,Uniform,31.29,36.73
BLD-0541,0.82,High_Rise,612.5,318.5,147.0,7.0,North,0.4,Uniform,29.22,31.71
BLD-0542,0.82,High_Rise,612.5,318.5,147.0,7.0,East,0.4,Uniform,29.91,29.13
BLD-0543,0.82,High_Rise,612.5,318.5,147.0,7.0,South,0.4,Uniform,29.53,28.99
BLD-0544,0.82,High_Rise,,318.5,147.0,7.0,West,0.4,,28.65,33.54
BLD-0545,,High_Rise,637.0,343.0,147.0,,,0.4,Uniform,41.4,45.29
BLD-0546,0.79,High_Rise,637.0,343.0,147.0,7.0,East,0.4,Uniform,42.62,39.07
BLD-0547,0.79,High_Rise,637.0,343.0,147.0,7.0,South,0.4,Uniform,42.5,38.35
BLD-0548,0.79,High_Rise,637.0,343.0,147.0,7.0,West,0.4,,41.67,46.94
BLD-0549,0.76,High_Rise,661.5,416.5,122.5,7.0,North,0.4,Uniform,40.78,39.55
BLD-0550,0.76,High_Rise,661.5,416.5,122.5,7.0,East,0.4,Uniform,39.97,40.85
BLD-0551,0.76,High_Rise,,416.5,122.5,7.0,South,0.4,,40.71,40.63
BLD-0552,0.76,High_Rise,661.5,416.5,122.5,7.0,West,0.4,,40.43,39.48
BLD-0553,0.74,Low_Rise,686.0,245.0,220.5,3.5,North,0.4,Uniform,14.52,16.94
BLD-0554,0.74,Low_Rise,686.0,245.0,220.5,3.5,East,0.4,Uniform,14.61,17.25
BLD-0555,0.74,Low_Rise,686.0,245.0,220.5,3.5,South,0.4,Uniform,14.5,17.03
BLD-0556,0.74,Low_Rise,,245.0,220.5,3.5,West,0.4,,,17.25
BLD-0557,0.71,Low_Rise,710.5,269.5,220.5,3.5,North,,Uniform,14.51,17.1
BLD-0558,0.71,Low_Rise,710.5,269.5,220.5,3.5,East,0.4,Uniform,14.6,17.51
BLD-0559,0.71,Low_Rise,710.5,269.5,220.5,3.5,South,0.4,Uniform,14.5,17.12
BLD-0560,0.71,Low_Rise,710.5,269.5,220.5,3.5,West,0.4,,14.58,17.47
BLD-0561,0.69,Low_Rise,735.0,294.0,220.5,3.5,North,0.4,Uniform,14.51,16.5
BLD-0562,0.69,Low_Rise,735.0,294.0,220.5,3.5,East,0.4,Uniform,14.7,17.0
BLD-0563,0.69,Low_Rise,735.0,294.0,220.5,3.5,South,0.4,Uniform,14.42,16.87
BLD-0564,0.69,Low_Rise,735.0,294.0,220.5,3.5,West,0.4,Uniform,14.42,17.2
BLD-0565,0.66,Low_Rise,759.5,318.5,220.5,3.5,North,0.4,Uniform,15.23,
BLD-0566,0.66,Low_Rise,759.5,318.5,220.5,3.5,East,0.4,Uniform,15.23,18.03
BLD-0567,0.66,Low_Rise,759.5,318.5,,3.5,South,0.4,,15.23,18.14
BLD-0568,0.66,Low_Rise,759.5,318.5,220.5,3.5,West,0.4,Uniform,15.23,17.95
BLD-0569,,Low_Rise,,343.0,220.5,3.5,North,0.4,Uniform,19.52,22.72
BLD-0570,0.64,Low_Rise,784.0,343.0,220.5,,East,0.4,Uniform,19.36,22.73
BLD-0571,0.64,Low_Rise,784.0,343.0,220.5,3.5,South,0.4,Uniform,19.48,22.72
BLD-0572,0.64,Low_Rise,784.0,343.0,220.5,3.5,West,0.4,Uniform,19.42,22.53
BLD-0573,0.62,Low_Rise,808.5,367.5,220.5,3.5,North,0.4,Uniform,15.09,
BLD-0574,0.62,Low_Rise,808.5,367.5,220.5,3.5,East,0.4,Uniform,17.17,17.21
BLD-0575,0.62,Low_Rise,808.5,367.5,220.5,3.5,South,,Uniform,17.14,17.15
BLD-0576,0.62,Low_Rise,808.5,367.5,220.5,3.5,West,0.4,Uniform,17.14,17.2
BLD-0577,0.98,High_Rise,514.5,294.0,110.25,7.0,North,0.4,North_Heavy,32.82,32.96
BLD-0578,0.98,High_Rise,514.5,294.0,110.25,7.0,East,0.4,North_Heavy,32.71,33.13
BLD-0579,0.98,High_Rise,,294.0,110.25,7.0,South,0.4,North_Heavy,32.24,33.94
BLD-0580,,High_Rise,514.5,294.0,,7.0,West,0.4,North_Heavy,32.72,33.78
BLD-0581,0.9,High_Rise,563.5,318.5,122.5,7.0,North,0.4,North_Heavy,35.84,38.35
BLD-0582,,High_Rise,563.5,,122.5,7.0,East,0.4,North_Heavy,36.57,35.39
BLD-0583,0.9,High_Rise,563.5,318.5,122.5,7.0,South,0.4,,36.06,34.94
BLD-0584,0.9,High_Rise,563.5,318.5,,7.0,West,0.4,North_Heavy,35.69,40.66
BLD-0585,0.86,High_Rise,588.0,294.0,147.0,7.0,,0.4,North_Heavy,32.48,35.48
BLD-0586,0.86,High_Rise,588.0,294.0,,7.0,East,0.4,North_Heavy,32.74,30.53
BLD-0587,0.86,High_Rise,588.0,294.0,147.0,7.0,,0.4,North_Heavy,32.13,32.28
BLD-0588,0.86,High_Rise,588.0,294.0,147.0,7.0,West,,North_Heavy,31.64,36.86
BLD-0589,0.82,High_Rise,612.5,318.5,147.0,7.0,North,0.4,North_Heavy,28.95,30.34
BLD-0590,0.82,High_Rise,612.5,318.5,147.0,7.0,East,0.4,North_Heavy,29.49,27.93
BLD-0591,0.82,High_Rise,612.5,318.5,147.0,7.0,South,0.4,North_Heavy,28.64,28.95
BLD-0592,0.82,High_Rise,612.5,318.5,147.0,7.0,West,0.4,,28.01,32.92
BLD-0593,0.79,High_Rise,637.0,343.0,147.0,7.0,North,0.4,,41.64,45.59
BLD-0594,0.79,High_Rise,637.0,,147.0,7.0,East,0.4,North_Heavy,43.1,39.41
BLD-0595,0.79,High_Rise,637.0,343.0,,7.0,South,,North_Heavy,42.74,38.84
BLD-0596,0.79,High_Rise,,343.0,147.0,7.0,West,0.4,North_Heavy,41.92,48.03
BLD-0597,0.76,High_Rise,661.5,416.5,,7.0,North,0.4,North_Heavy,40.78,39.48
BLD-0598,0.76,High_Rise,661.5,416.5,122.5,7.0,East,0.4,North_Heavy,40.15,40.4
BLD-0599,0.76,High_Rise,661.5,416.5,122.5,7.0,South,0.4,North_Heavy,40.57,40.47
BLD-0600,0.76,High_Rise,661.5,416.5,122.5,7.0,West,0.4,North_Heavy,40.42,39.7
BLD-0601,0.74,Low_Rise,686.0,245.0,220.5,3.5,North,0.4,North_Heavy,14.54,16.43
BLD-0602,0.74,Low_Rise,686.0,245.0,220.5,3.5,East,0.4,North_Heavy,14.45,16.93
BLD-0603,0.74,Low_Rise,686.0,245.0,220.5,3.5,South,0.4,,14.18,16.99
BLD-0604,0.74,Low_Rise,686.0,245.0,220.5,3.5,,0.4,,14.5,17.03
BLD-0605,,Low_Rise,710.5,269.5,220.5,3.5,North,0.4,North_Heavy,14.7,16.77
BLD-0606,0.71,Low_Rise,710.5,269.5,220.5,3.5,East,,North_Heavy,14.66,17.37
BLD-0607,0.71,Low_Rise,710.5,269.5,220.5,3.5,South,0.4,North_Heavy,14.4,17.27
BLD-0608,0.71,Low_Rise,,269.5,220.5,3.5,West,0.4,North_Heavy,14.71,17.51
BLD-0609,0.69,Low_Rise,735.0,294.0,220.5,3.5,North,0.4,North_Heavy,14.75,16.44
BLD-0610,0.69,Low_Rise,735.0,294.0,220.5,3.5,East,0.4,North_Heavy,14.71,17.01
BLD-0611,0.69,Low_Rise,735.0,294.0,220.5,3.5,South,0.4,,14.33,17.23
BLD-0612,0.69,Low_Rise,735.0,,220.5,3.5,West,0.4,North_Heavy,14.62,17.22
BLD-0613,0.66,Low_Rise,759.5,318.5,220.5,3.5,North,0.4,North_Heavy,15.34,
BLD-0614,0.66,Low_Rise,759.5,318.5,220.5,3.5,East,0.4,,15.29,17.89
BLD-0615,0.66,Low_Rise,759.5,318.5,220.5,3.5,South,0.4,North_Heavy,15.09,18.36
BLD-0616,0.66,Low_Rise,759.5,318.5,220.5,3.5,West,0.4,North_Heavy,15.3,18.15
BLD-0617,0.64,Low_Rise,784.0,343.0,220.5,3.5,North,0.4,North_Heavy,19.2,21.72
BLD-0618,0.64,Low_Rise,784.0,343.0,220.5,3.5,East,0.4,North_Heavy,18.88,22.07
BLD-0619,0.64,Low_Rise,784.0,343.0,220.5,3.5,South,,North_Heavy,18.9,22.09
BLD-0620,0.64,Low_Rise,784.0,343.0,220.5,3.5,West,0.4,North_Heavy,19.12,21.93
BLD-0621,0.62,Low_Rise,808.5,367.5,220.5,3.5,,0.4,North_Heavy,16.76,17.36
BLD-0622,0.62,Low_Rise,808.5,367.5,220.5,3.5,,0.4,North_Heavy,17.23,17.38
BLD-0623,0.62,Low_Rise,808.5,367.5,220.5,3.5,South,0.4,North_Heavy,17.26,16.86
BLD-0624,0.62,Low_Rise,808.5,367.5,220.5,3.5,West,0.4,North_Heavy,17.15,16.99
BLD-0625,,High_Rise,514.5,294.0,110.25,7.0,North,0.4,East_Heavy,32.82,
BLD-0626,0.98,High_Rise,514.5,294.0,110.25,7.0,East,0.4,East_Heavy,32.69,33.24
BLD-0627,0.98,High_Rise,514.5,294.0,110.25,7.0,South,,East_Heavy,32.23,33.86
BLD-0628,0.98,High_Rise,514.5,294.0,110.25,7.0,West,0.4,East_Heavy,32.75,34.0
BLD-0629,0.9,High_Rise,563.5,318.5,122.5,7.0,North,0.4,East_Heavy,34.24,
BLD-0630,0.9,High_Rise,563.5,,122.5,7.0,East,0.4,East_Heavy,34.95,35.04
BLD-0631,0.9,High_Rise,563.5,318.5,122.5,7.0,South,0.4,East_Heavy,35.05,33.82
BLD-0632,0.9,High_Rise,563.5,318.5,122.5,7.0,West,0.4,East_Heavy,34.29,33.31
BLD-0633,0.86,High_Rise,588.0,294.0,147.0,,North,0.4,East_Heavy,31.28,35.22
BLD-0634,0.86,High_Rise,588.0,294.0,147.0,7.0,East,0.4,East_Heavy,32.12,34.7
BLD-0635,0.86,High_Rise,588.0,294.0,147.0,7.0,South,,East_Heavy,32.05,30.11
BLD-0636,0.86,High_Rise,588.0,,147.0,7.0,West,0.4,East_Heavy,31.84,31.6
BLD-0637,,High_Rise,612.5,318.5,147.0,7.0,North,,East_Heavy,28.67,32.43
BLD-0638,0.82,High_Rise,612.5,318.5,147.0,7.0,East,0.4,East_Heavy,29.67,30.65
BLD-0639,0.82,High_Rise,612.5,318.5,147.0,7.0,South,0.4,East_Heavy,29.47,29.77
BLD-0640,,High_Rise,612.5,318.5,147.0,7.0,West,0.4,East_Heavy,28.91,29.64
BLD-0641,0.79,High_Rise,637.0,343.0,147.0,7.0,North,0.4,East_Heavy,41.26,46.44
BLD-0642,0.79,High_Rise,637.0,343.0,147.0,7.0,East,0.4,East_Heavy,41.3,44.18
BLD-0643,0.79,High_Rise,637.0,343.0,147.0,7.0,South,0.4,East_Heavy,42.49,38.81
BLD-0644,0.79,High_Rise,637.0,343.0,147.0,7.0,West,0.4,East_Heavy,42.08,38.23
BLD-0645,0.76,High_Rise,661.5,416.5,122.5,7.0,North,0.4,East_Heavy,39.32,38.17
BLD-0646,0.76,High_Rise,661.5,416.5,122.5,7.0,East,0.4,East_Heavy,39.84,38.48
BLD-0647,0.76,High_Rise,661.5,416.5,122.5,7.0,South,0.4,East_Heavy,38.89,39.66
BLD-0648,0.76,High_Rise,661.5,416.5,122.5,7.0,West,0.4,East_Heavy,39.68,40.1
BLD-0649,0.74,Low_Rise,686.0,245.0,220.5,3.5,North,0.4,East_Heavy,13.97,16.08
BLD-0650,0.74,Low_Rise,686.0,245.0,220.5,,East,0.4,East_Heavy,14.22,15.39
BLD-0651,0.74,Low_Rise,686.0,245.0,220.5,3.5,South,0.4,East_Heavy,14.1,16.57
BLD-0652,0.74,Low_Rise,686.0,245.0,220.5,3.5,West,0.4,East_Heavy,13.78,16.6
BLD-0653,0.71,Low_Rise,710.5,269.5,220.5,3.5,North,0.4,East_Heavy,14.07,16.11
BLD-0654,0.71,Low_Rise,710.5,269.5,220.5,3.5,East,0.4,East_Heavy,14.03,15.47
BLD-0655,0.71,Low_Rise,710.5,269.5,220.5,3.5,South,0.4,East_Heavy,,16.7
BLD-0656,0.71,Low_Rise,710.5,269.5,220.5,3.5,West,0.4,East_Heavy,13.86,16.1
BLD-0657,0.69,Low_Rise,735.0,294.0,220.5,3.5,,0.4,East_Heavy,14.32,16.35
BLD-0658,0.69,Low_Rise,735.0,294.0,220.5,3.5,East,0.4,East_Heavy,14.56,15.84
BLD-0659,0.69,Low_Rise,735.0,294.0,220.5,3.5,South,0.4,East_Heavy,14.33,16.99
BLD-0660,0.69,Low_Rise,735.0,294.0,220.5,3.5,West,0.4,East_Heavy,14.08,17.02
BLD-0661,0.66,Low_Rise,759.5,318.5,220.5,3.5,North,0.4,East_Heavy,15.16,17.04
BLD-0662,0.66,Low_Rise,759.5,318.5,220.5,3.5,East,0.4,,15.18,17.63
BLD-0663,0.66,Low_Rise,759.5,318.5,220.5,3.5,South,0.4,East_Heavy,14.72,18.1
BLD-0664,0.66,Low_Rise,759.5,318.5,220.5,3.5,West,0.4,East_Heavy,14.9,18.22
BLD-0665,0.64,Low_Rise,784.0,343.0,220.5,3.5,North,0.4,East_Heavy,18.48,20.78
BLD-0666,0.64,Low_Rise,784.0,,220.5,3.5,East,0.4,East_Heavy,18.71,20.72
BLD-0667,0.64,Low_Rise,784.0,343.0,220.5,3.5,South,0.4,East_Heavy,18.48,21.54
BLD-0668,,Low_Rise,784.0,343.0,220.5,3.5,West,0.4,East_Heavy,18.46,21.53
BLD-0669,,Low_Rise,808.5,,220.5,3.5,,0.4,East_Heavy,16.47,16.9
BLD-0670,0.62,Low_Rise,808.5,367.5,220.5,3.5,East,0.4,East_Heavy,16.35,17.14
BLD-0671,0.62,Low_Rise,808.5,367.5,220.5,3.5,South,0.4,East_Heavy,16.55,16.56
BLD-0672,0.62,Low_Rise,808.5,367.5,220.5,3.5,West,0.4,East_Heavy,16.74,16.0
BLD-0673,0.98,High_Rise,514.5,294.0,110.25,7.0,North,0.4,South_Heavy,32.85,32.95
BLD-0674,0.98,High_Rise,514.5,294.0,110.25,7.0,East,0.4,South_Heavy,32.67,33.06
BLD-0675,0.98,High_Rise,514.5,294.0,110.25,7.0,South,0.4,South_Heavy,32.21,33.95
BLD-0676,0.98,High_Rise,514.5,294.0,110.25,7.0,West,0.4,South_Heavy,32.74,33.88
BLD-0677,0.9,High_Rise,,318.5,122.5,7.0,North,0.4,South_Heavy,36.45,33.98
BLD-0678,0.9,High_Rise,,318.5,122.5,7.0,East,0.4,South_Heavy,35.73,39.92
BLD-0679,0.9,High_Rise,563.5,318.5,122.5,7.0,South,0.4,South_Heavy,35.4,39.22
BLD-0680,0.9,High_Rise,563.5,318.5,122.5,7.0,West,0.4,South_Heavy,36.57,36.1
BLD-0681,0.86,High_Rise,588.0,294.0,147.0,7.0,North,0.4,South_Heavy,32.38,31.53
BLD-0682,0.86,High_Rise,588.0,294.0,147.0,,East,0.4,South_Heavy,31.66,36.2
BLD-0683,0.86,High_Rise,588.0,294.0,147.0,7.0,South,0.4,South_Heavy,32.15,36.21
BLD-0684,0.86,High_Rise,588.0,294.0,147.0,7.0,West,0.4,South_Heavy,32.75,31.0
BLD-0685,0.82,High_Rise,612.5,318.5,147.0,7.0,North,0.4,South_Heavy,28.93,28.2
BLD-0686,0.82,High_Rise,612.5,318.5,147.0,7.0,East,0.4,South_Heavy,28.05,32.35
BLD-0687,0.82,High_Rise,612.5,318.5,147.0,7.0,South,0.4,South_Heavy,,31.14
BLD-0688,0.82,High_Rise,612.5,318.5,147.0,7.0,West,0.4,South_Heavy,29.52,28.43
BLD-0689,0.79,High_Rise,637.0,,147.0,7.0,North,,South_Heavy,42.77,38.33
BLD-0690,0.79,High_Rise,637.0,343.0,147.0,7.0,East,0.4,,41.73,47.59
BLD-0691,,High_Rise,637.0,,147.0,7.0,South,0.4,South_Heavy,41.32,46.23
BLD-0692,0.79,High_Rise,637.0,343.0,147.0,7.0,West,0.4,,42.96,39.56
BLD-0693,0.76,High_Rise,661.5,416.5,122.5,7.0,North,0.4,,40.68,40.36
BLD-0694,0.76,High_Rise,661.5,416.5,122.5,,East,0.4,South_Heavy,,39.67
BLD-0695,0.76,High_Rise,661.5,416.5,122.5,7.0,South,0.4,South_Heavy,40.6,39.85
BLD-0696,0.76,High_Rise,661.5,416.5,122.5,7.0,West,0.4,South_Heavy,40.11,40.77
BLD-0697,0.74,Low_Rise,686.0,245.0,220.5,3.5,North,0.4,South_Heavy,,16.61
BLD-0698,0.74,Low_Rise,686.0,245.0,220.5,3.5,East,0.4,South_Heavy,14.48,16.74
BLD-0699,0.74,Low_Rise,686.0,245.0,,3.5,South,0.4,South_Heavy,14.32,16.9
BLD-0700,0.74,Low_Rise,686.0,245.0,220.5,3.5,West,0.4,South_Heavy,14.44,17.32
BLD-0701,0.71,Low_Rise,710.5,269.5,220.5,3.5,North,0.4,South_Heavy,14.6,16.85
BLD-0702,0.71,Low_Rise,,269.5,220.5,3.5,East,,South_Heavy,14.7,17.2
BLD-0703,0.71,Low_Rise,710.5,269.5,220.5,3.5,South,0.4,South_Heavy,14.47,17.23
BLD-0704,0.71,Low_Rise,710.5,269.5,220.5,3.5,West,0.4,,14.66,17.74
BLD-0705,0.69,Low_Rise,735.0,294.0,220.5,3.5,North,0.4,,14.54,16.81
BLD-0706,0.69,Low_Rise,735.0,294.0,220.5,3.5,East,0.4,South_Heavy,14.62,16.88
BLD-0707,0.69,Low_Rise,735.0,294.0,220.5,3.5,South,0.4,,14.53,16.9
BLD-0708,0.69,Low_Rise,735.0,294.0,220.5,3.5,West,0.4,South_Heavy,14.71,17.39
BLD-0709,0.66,Low_Rise,759.5,318.5,220.5,3.5,North,0.4,South_Heavy,15.34,
BLD-0710,0.66,Low_Rise,759.5,318.5,220.5,3.5,East,0.4,South_Heavy,15.29,17.82
BLD-0711,0.66,Low_Rise,759.5,318.5,220.5,3.5,South,0.4,South_Heavy,15.09,18.36
BLD-0712,0.66,Low_Rise,759.5,318.5,220.5,3.5,West,0.4,South_Heavy,15.3,18.24
BLD-0713,0.64,Low_Rise,784.0,343.0,220.5,3.5,North,,South_Heavy,19.06,21.68
BLD-0714,0.64,Low_Rise,784.0,343.0,220.5,3.5,East,0.4,South_Heavy,,21.54
BLD-0715,0.64,Low_Rise,784.0,343.0,220.5,3.5,South,,South_Heavy,19.0,22.25
BLD-0716,0.64,Low_Rise,784.0,343.0,220.5,3.5,,0.4,South_Heavy,18.84,22.49
BLD-0717,0.62,Low_Rise,808.5,367.5,220.5,3.5,North,,South_Heavy,16.44,17.1
BLD-0718,0.62,Low_Rise,808.5,367.5,220.5,3.5,East,0.4,South_Heavy,16.9,16.79
BLD-0719,0.62,Low_Rise,808.5,,220.5,3.5,South,0.4,South_Heavy,16.94,16.58
BLD-0720,0.62,Low_Rise,808.5,367.5,220.5,3.5,,0.4,South_Heavy,16.77,16.79
BLD-0721,0.98,High_Rise,514.5,294.0,110.25,7.0,North,,West_Heavy,32.84,32.88
BLD-0722,0.98,High_Rise,514.5,294.0,110.25,7.0,East,0.4,West_Heavy,32.72,33.23
BLD-0723,0.98,High_Rise,514.5,294.0,110.25,7.0,South,0.4,West_Heavy,32.21,33.76
BLD-0724,0.98,High_Rise,514.5,294.0,110.25,7.0,West,0.4,West_Heavy,32.73,34.01
BLD-0725,0.9,High_Rise,563.5,318.5,122.5,7.0,North,0.4,West_Heavy,35.67,33.94
BLD-0726,0.9,High_Rise,563.5,318.5,122.5,7.0,East,0.4,West_Heavy,35.01,33.14
BLD-0727,0.9,High_Rise,563.5,318.5,122.5,7.0,South,0.4,West_Heavy,34.72,38.79
BLD-0728,0.9,High_Rise,563.5,318.5,122.5,7.0,West,0.4,West_Heavy,35.24,37.27
BLD-0729,0.86,High_Rise,588.0,294.0,147.0,7.0,North,0.4,West_Heavy,32.31,29.69
BLD-0730,0.86,High_Rise,588.0,294.0,147.0,7.0,East,0.4,West_Heavy,31.81,31.2
BLD-0731,0.86,High_Rise,588.0,294.0,147.0,7.0,South,0.4,West_Heavy,31.12,36.26
BLD-0732,0.86,High_Rise,588.0,294.0,147.0,7.0,West,0.4,West_Heavy,32.06,35.71
BLD-0733,0.82,High_Rise,612.5,318.5,147.0,7.0,North,0.4,West_Heavy,30.0,29.93
BLD-0734,0.82,High_Rise,612.5,318.5,147.0,7.0,East,0.4,West_Heavy,29.5,29.56
BLD-0735,0.82,High_Rise,612.5,318.5,147.0,7.0,South,0.4,West_Heavy,29.06,33.84
BLD-0736,0.82,High_Rise,612.5,318.5,147.0,7.0,West,0.4,West_Heavy,29.92,32.54
BLD-0737,0.79,High_Rise,637.0,343.0,147.0,7.0,North,0.4,,42.11,38.56
BLD-0738,0.79,High_Rise,637.0,343.0,147.0,7.0,East,0.4,West_Heavy,41.96,37.7
BLD-0739,0.79,High_Rise,637.0,343.0,147.0,,South,0.4,West_Heavy,41.09,47.01
BLD-0740,0.79,High_Rise,637.0,,147.0,7.0,West,0.4,West_Heavy,40.79,44.87
BLD-0741,0.76,High_Rise,661.5,416.5,122.5,7.0,,0.4,West_Heavy,38.82,39.37
BLD-0742,0.76,High_Rise,661.5,416.5,122.5,7.0,East,0.4,West_Heavy,39.72,39.8
BLD-0743,0.76,High_Rise,661.5,416.5,122.5,7.0,South,0.4,,39.31,37.79
BLD-0744,0.76,High_Rise,661.5,416.5,122.5,7.0,,0.4,West_Heavy,39.86,38.18
BLD-0745,0.74,Low_Rise,686.0,,,3.5,North,0.4,West_Heavy,14.41,16.69
BLD-0746,0.74,Low_Rise,686.0,245.0,220.5,3.5,East,0.4,West_Heavy,14.19,16.62
BLD-0747,0.74,Low_Rise,686.0,245.0,220.5,3.5,South,0.4,West_Heavy,14.17,16.94
BLD-0748,0.74,Low_Rise,686.0,245.0,220.5,3.5,West,0.4,West_Heavy,14.39,16.7
BLD-0749,0.71,Low_Rise,710.5,269.5,220.5,3.5,North,0.4,West_Heavy,12.43,15.59
BLD-0750,0.71,Low_Rise,710.5,269.5,,3.5,East,0.4,West_Heavy,12.63,14.58
BLD-0751,0.71,Low_Rise,710.5,269.5,220.5,3.5,South,0.4,West_Heavy,12.76,
BLD-0752,0.71,Low_Rise,710.5,269.5,220.5,3.5,West,0.4,West_Heavy,12.42,15.31
BLD-0753,0.69,Low_Rise,735.0,294.0,220.5,3.5,North,0.4,West_Heavy,14.12,16.63
BLD-0754,0.69,Low_Rise,735.0,294.0,220.5,3.5,East,0.4,West_Heavy,,15.87
BLD-0755,0.69,Low_Rise,735.0,294.0,220.5,3.5,South,,West_Heavy,14.37,16.54
BLD-0756,0.69,Low_Rise,735.0,294.0,220.5,3.5,West,0.4,West_Heavy,14.21,16.74
BLD-0757,0.66,Low_Rise,759.5,318.5,220.5,3.5,North,0.4,West_Heavy,14.96,17.64
BLD-0758,0.66,Low_Rise,759.5,318.5,220.5,3.5,East,,West_Heavy,14.92,17.79
BLD-0759,0.66,Low_Rise,759.5,318.5,220.5,3.5,South,0.4,West_Heavy,14.92,
BLD-0760,0.66,Low_Rise,759.5,318.5,220.5,3.5,West,0.4,West_Heavy,15.16,18.06
BLD-0761,,Low_Rise,784.0,343.0,220.5,3.5,North,0.4,West_Heavy,17.69,20.82
BLD-0762,0.64,Low_Rise,784.0,343.0,220.5,3.5,East,0.4,West_Heavy,18.19,20.21
BLD-0763,0.64,Low_Rise,784.0,343.0,220.5,3.5,,0.4,West_Heavy,18.16,20.71
BLD-0764,0.64,Low_Rise,784.0,343.0,220.5,3.5,West,0.4,West_Heavy,17.88,21.4
BLD-0765,0.62,Low_Rise,808.5,367.5,220.5,3.5,North,0.4,,16.54,16.88
BLD-0766,0.62,Low_Rise,808.5,367.5,220.5,3.5,East,0.4,West_Heavy,16.44,17.11
BLD-0767,0.62,Low_Rise,808.5,367.5,220.5,3.5,South,0.4,West_Heavy,16.48,16.61
BLD-0768,0.62,Low_Rise,808.5,367.5,220.5,3.5,West,0.4,West_Heavy,16.64,16.03
